{
  "name": "three-gaussians-example",
  "means": [
    [2.0, 0.0],
    [-1.0, 1.7],
    [-1.0, -1.7]
  ],
  "covs": [
    {"sx": 1.1, "sy": 0.7, "theta": 0.4},
    [[0.8, 0.2], [0.2, 1.0]],
    {"sx": 0.9, "sy": 0.9, "theta": 0.0}
  ],
  "train_prior": [0.3333333333, 0.3333333333, 0.3333333334],
  "test_prior": [0.70, 0.20, 0.10]
}
